CATENA LEUSCHNER; CATENA LEUSCHNER GDL;
CATENA LUCRETIUS; CATENA LUCRETIUS RNII;
CATENA MICHELSON; CATENA MICHELSON GIRD;
BELLINSGAUZEN; BELLINSGAUZEN BELLINGSHAUSEN;
BOGULAWSKY; BOGUSLAWSKY; BOGUSLAWSKY
CHAPPEL; CHAPPELL; CHAPPELL
ENGEL'GARDT; ENGEL GARDT ENGELHARDT;
ENGELHARDT B; ENGEL GARDT ENGELHARDT B;
ENGELHARDT C; ENGEL GARDT ENGELHARDT C;
ENGELHARDT J; ENGEL GARDT ENGELHARDT J ;
ENGELHARDT K; ENGEL GARDT ENGELHARDT K ;
ENGELHARDT N; ENGEL GARDT ENGELHARDT N ;
ENGELHARDT R; ENGEL GARDT ENGELHARDT R ;
ERATHOSTENES; ERATOSTHENES; ERATOSTHENES
FRIDMAN; FRIDMAN FRIEDMANN;
GANSKIY; GANSKIY HANSKY;
GERASIMOVITCH; GERASIMOVICH; GERASIMOVICH
HERON; HERON HERO;
KAMERLINGH; KAMERLINGH ONNES; KAMERLINGH ONNES
KIDUNNU; KIDINNU; KIDINNU
KOHLSCHEUTTER; KOHLSCHUTTER; KOHLSCHUTTER
KOLHERSTER ;KOLHORSTER; KOLHORSTER
KOVAL'SKIJ; KOVAL SKIY; KOVAL'SKIY
LACUS AUTOMNI; LACUS AUTUMNI; LACUS AUTUMNI
LASSEL; LASSELL; LASSELL
LENTS; LENTS LENZ;
LITKE; LITKE LUTKE;
NOETHER; NOTHER NOETHER;
PURKYNJ; PURKYNE; PURKYNE
RUSSEL; RUSSELL; RUSSELL
SHTERNBERG; SHTERNBERG STERNBERG;
SHULEJKIN; SHULEYKIN; SHULEYKIN
TSANDER; TSANDER ZANDER;
TSERASKIY; TSERASKIY CERASKI;
TSINGER; TSINGER ZINGER;
TSIOLKOVSKI; TSIOLKOVSKIY; TSIOLKOVSKIY
VON DEN PAHLEN; VON DER PAHLEN; VON DER PAHLEN
VOSKRERENSKIY; VOSKRESENSKIY; VOSKRESENSKIY
WAN-HOO; WAN HOO VAN GU;
BELKOVICH A; BEL KOVICH A; BEL'KOVICH A
BELKOVICH B; BEL KOVICH B; BEL'KOVICH B
BERNOUILLI B; BERNOULLI B; BERNOULLI B
BERNOUILLI C; BERNOULLI C; BERNOULLI C
BERNOUILLI D; BERNOULLI D; BERNOULLI D
BERNOUILLI E; BERNOULLI E; BERNOULLI E
BERNOUILLI K; BERNOULLI K; BERNOULLI K
BLAZKHO F; BLAZHKO F; BLAZHKO F
BLAZKHO L; BLAZHKO L; BLAZHKO L
BLAZKHO R; BLAZHKO R; BLAZHKO R
HANSKIY F; GANSKIY HANSKY F; GANSKIY F
HANSKIY K; GANSKIY HANSKY K; GANSKIY K
HANSKIY M; GANSKIY HANSKY M; GANSKIY M
HANSKIY S; GANSKIY HANSKY S; GANSKIY S
LENZ C; LENTS LENZ C;
LENZ J; LENTS LENZ J;
LIPPMAN B; LIPPMANN B; LIPPMANN B
LIPPMAN E; LIPPMANN E; LIPPMANN E
LIPPMAN J; LIPPMANN J; LIPPMANN J
LIPPMAN L; LIPPMANN L; LIPPMANN L
LIPPMAN P; LIPPMANN P; LIPPMANN P
LIPPMAN Q; LIPPMANN Q; LIPPMANN Q
LIPPMAN R; LIPPMANN R; LIPPMANN R
NOETHER A; NOTHER NOETHER A;
NOETHER E; NOTHER NOETHER E;
NOETHER T; NOTHER NOETHER T;
NOETHER U; NOTHER NOETHER U;
NOETHER V; NOTHER NOETHER V;
NOETHER X; NOTHER NOETHER X;
CERASKI K; TSERASKIY CERASKI K;
CERASKI P; TSERASKIY CERASKI P;
STERNBERG C; SHTERNBERG STERNBERG C;
LEIBNIZ; LEIBNITZ; LEIBNITZ
TSANDER B; TSANDER ZANDER B;
TSANDER R; TSANDER ZANDER R;
TSANDER S; TSANDER ZANDER S;
TSANDER V; TSANDER ZANDER V;
TSINGER W; TSINGER ZINGER W;
TSINGER Y; TSINGER ZINGER Y;
WALTER N; WALTHER N; WALTHER N
WALTER A; WALTHER A; WALTHER A
WALTER B; WALTHER B; WALTHER B
WALTER C; WALTHER C; WALTHER C
WALTER D; WALTHER D; WALTHER D
WALTER E; WALTHER E; WALTHER E
WALTER F; WALTHER F; WALTHER F
WALTER G; WALTHER G; WALTHER G
WALTER J; WALTHER J; WALTHER J
WALTER K; WALTHER K; WALTHER K
WALTER L; WALTHER L; WALTHER L
WALTER M; WALTHER M; WALTHER M
WALTER O; WALTHER O; WALTHER O
WALTER P; WALTHER P; WALTHER P
WALTER Q; WALTHER Q; WALTHER Q
WALTER R; WALTHER R; WALTHER R
WALTER S; WALTHER S; WALTHER S
WALTER T; WALTHER T; WALTHER T
WALTER U; WALTHER U; WALTHER U
WALTER W; WALTHER W; WALTHER W
WALTER X; WALTHER X; WALTHER X
WAN-HOO T; WAN HOO VAN GU T;
FRIEDMANN C; FRIDMAN FRIEDMANN C;
TOBIAS MAYER A; T MAYER A; T. MAYER A
TOBIAS MAYER B; T MAYER B; T. MAYER B
TOBIAS MAYER C; T MAYER C; T. MAYER C
TOBIAS MAYER D; T MAYER D; T. MAYER D
TOBIAS MAYER E; T MAYER E; T. MAYER E
TOBIAS MAYER F; T MAYER F; T. MAYER F
TOBIAS MAYER G; T MAYER G; T. MAYER G
TOBIAS MAYER H; T MAYER H; T. MAYER H
TOBIAS MAYER K; T MAYER K; T. MAYER K
TOBIAS MAYER L; T MAYER L; T. MAYER L
TOBIAS MAYER M; T MAYER M; T. MAYER M
TOBIAS MAYER N; T MAYER N; T. MAYER N
TOBIAS MAYER P; T MAYER P; T. MAYER P
TOBIAS MAYER R; T MAYER R; T. MAYER R
TOBIAS MAYER S; T MAYER S; T. MAYER S
TOBIAS MAYER Z; T MAYER Z; T. MAYER Z
TOBIAS. MAYER W; T MAYER W; T. MAYER W
CARILLO;CARRILLO;CARRILLO
DORSA ALDOVANDRI;DORSA ALDROVANDI;DORSA ALDROVANDI
HERO H; HERON HERO H;HERON H
HERO Y; HERON HERO Y;HERON Y
#EN:
PLANITIA DESCENDUS; PLANITIA DESCENSUS; PLANITIA DESCENSUS
VALLIS SCHROTER; VALLIS SCHROTERI; VALLIS SCHROTERI
RIMA HASE; RIMAE HASE; RIMAE HASE
KRISHNA; VALLIS KRISHNA; VALLIS KRISHNA
RIMA HERIGONIUS; RIMAE HERIGONIUS; RIMAE HERIGONIUS
RIMA THEAETETUS; RIMAE THEAETETUS; RIMAE THEAETETUS
BELKOVICH; BEL KOVICH; BEL'KOVICH
EISCHSTADT; EICHSTADT; EICHSTADT
DUBIAGO; DUBYAGO; DUBYAGO
FARENHEIT; FAHRENHEIT; FAHRENHEIT
LIAPUNOV; LYAPUNOV; LYAPUNOV
MONS BLANC; MONT BLANC; MONT BLANC
PIAZZI SMITH; PIAZZI SMYTH; PIAZZI SMYTH
ROTHMAN; ROTHMANN; ROTHMANN
TOBIAS MAYER; T MAYER; T. MAYER
TEBUTT; TEBBUTT; TEBBUTT
VAN BISBROECK; VAN BIESBROECK; VAN BIESBROECK
VASCO DE GAMA; VASCO DA GAMA; VASCO DA GAMA
VOSKERENSKIY; VOSKRESENSKIY; VOSKRESENSKIY
WIDMANSTATTEN; WIDMANNSTATTEN; WIDMANNSTATTEN
WALTER; WALTHER; WALTHER
